time (seconds),B,C,no fall/fall (0/1)
0,-67,-65,
0.1,-67,-65,
0.2,-67,-65,
0.3,-68,-68,
0.4,-68,-68,
0.5,-68,-68,
0.6,-68,-68,
0.7,-68,-68,
0.8,-68,-68,
0.9,-68,-68,
1,-68,-68,
1.1,-68,-68,
1.2,-68,-68,
1.3,-65,-65,
1.4,-65,-65,
1.5,-65,-65,
1.6,-65,-65,
1.7,-65,-65,
1.8,-65,-65,
1.9,-65,-65,
2,-65,-65,
2.1,-65,-65,
2.2,-65,-65,
2.3,-65,-65,
2.4,-64,-60,
2.5,-64,-60,
2.6,-64,-60,
2.7,-64,-60,
2.8,-64,-60,
2.9,-64,-60,
3,-64,-60,
3.1,-64,-60,
3.2,-64,-60,
3.3,-64,-60,
3.4,-63,-58,
3.5,-63,-58,
3.6,-63,-58,
3.7,-63,-58,
3.8,-63,-58,
3.9,-63,-58,
4,-63,-58,
4.1,-63,-58,
4.2,-63,-58,
4.3,-63,-58,
4.4,-63,-58,
4.5,-62,-56,
4.6,-62,-56,
4.7,-62,-56,
4.8,-62,-56,
4.9,-62,-56,
5,-62,-56,
5.1,-62,-56,
5.2,-62,-56,
5.3,-62,-56,
5.4,-62,-56,
5.5,-63,-52,
5.6,-63,-52,
5.7,-63,-52,
5.8,-63,-52,
5.9,-63,-52,
6,-63,-52,
6.1,-63,-52,
6.2,-63,-52,
6.3,-63,-52,
6.4,-63,-52,
6.5,-63,-52,
6.6,-63,-51,
6.7,-63,-51,
6.8,-63,-51,
6.9,-63,-51,
7,-63,-51,
7.1,-63,-51,
7.2,-63,-51,
7.3,-63,-51,
7.4,-63,-51,
7.5,-63,-51,
7.6,-63,-54,
7.7,-63,-54,
7.8,-63,-54,
7.9,-63,-54,
8,-63,-54,
8.1,-63,-54,
8.2,-63,-54,
8.3,-63,-54,
8.4,-63,-54,
8.5,-63,-54,
8.6,-63,-54,
8.7,-64,-59,
8.8,-64,-59,
8.9,-64,-59,
9,-64,-59,
9.1,-64,-59,
9.2,-64,-59,
9.3,-64,-59,
9.4,-64,-59,
9.5,-64,-59,
9.6,-64,-59,
9.7,-64,-64,
9.8,-64,-64,
9.9,-64,-64,
10,-64,-64,
10.1,-64,-64,
10.2,-64,-64,
10.3,-64,-64,
10.4,-64,-64,
10.5,-64,-64,
10.6,-64,-64,
10.7,-66,-66,
10.8,-66,-66,
10.9,-66,-66,
11,-66,-66,
11.1,-66,-66,
11.2,-66,-66,
11.3,-66,-66,
11.4,-66,-66,
11.5,-66,-66,
11.6,-66,-66,
11.7,-66,-66,
11.8,-66,-68,
11.9,-66,-68,
12,-66,-68,
12.1,-66,-68,
12.2,-66,-68,
12.3,-66,-68,
12.4,-66,-68,
12.5,-66,-68,
12.6,-66,-68,
12.7,-66,-68,
12.8,-64,-58,
12.9,-64,-58,
13,-64,-58,
13.1,-64,-58,
13.2,-64,-58,
13.3,-64,-58,
13.4,-64,-58,
13.5,-64,-58,
13.6,-64,-58,
13.7,-64,-58,
13.8,-64,-58,
13.9,-63,-60,
14,-63,-60,
14.1,-63,-60,
14.2,-63,-60,
14.3,-63,-60,
14.4,-63,-60,
14.5,-63,-60,
14.6,-63,-60,
14.7,-63,-60,
14.8,-63,-60,
14.9,-64,-66,
15,-64,-66,
15.1,-64,-66,
15.2,-64,-66,
15.3,-64,-66,
15.4,-64,-66,
15.5,-64,-66,
15.6,-64,-66,
15.7,-64,-66,
15.8,-64,-66,
15.9,-64,-66,
16,-65,-64,
16.1,-65,-64,
16.2,-65,-64,
16.3,-65,-64,
16.4,-65,-64,
16.5,-65,-64,
16.6,-65,-64,
16.7,-65,-64,
16.8,-65,-64,
16.9,-65,-64,
17,-63,-74,
17.1,-63,-74,
17.2,-63,-74,
17.3,-63,-74,
17.4,-63,-74,
17.5,-63,-74,
17.6,-63,-74,
17.7,-63,-74,
17.8,-63,-74,
17.9,-63,-74,
18,-63,-74,
18.1,-63,-77,
18.2,-63,-77,
18.3,-63,-77,
18.4,-63,-77,
18.5,-63,-77,
18.6,-63,-77,
18.7,-63,-77,
18.8,-63,-77,
18.9,-63,-77,
19,-63,-77,
19.1,-63,-68,
19.2,-66,-68,
19.3,-66,-68,
19.4,-66,-68,
19.5,-66,-68,
19.6,-66,-68,
19.7,-66,-68,
19.8,-66,-68,
19.9,-66,-68,
20,-66,-68,
20.1,-66,-68,
20.2,-64,-55,
20.3,-64,-55,
20.4,-64,-55,
20.5,-64,-55,
20.6,-64,-55,
20.7,-64,-55,
20.8,-64,-55,
20.9,-64,-55,
21,-64,-55,
21.1,-64,-55,
21.2,-64,-59,
21.3,-64,-59,
21.4,-64,-59,
21.5,-64,-59,
21.6,-64,-59,
21.7,-64,-59,
21.8,-64,-59,
21.9,-64,-59,
22,-64,-59,
22.1,-64,-59,
22.2,-64,-59,
22.3,-65,-59,
22.4,-65,-59,
22.5,-65,-59,
22.6,-65,-59,
22.7,-65,-59,
22.8,-65,-59,
22.9,-65,-59,
23,-65,-59,
23.1,-65,-59,
23.2,-65,-59,
23.3,-65,-62,
23.4,-65,-62,
23.5,-65,-62,
23.6,-65,-62,
23.7,-65,-62,
23.8,-65,-62,
23.9,-65,-62,
24,-65,-62,
24.1,-65,-62,
24.2,-65,-62,
24.3,-65,-62,
24.4,-66,-60,
24.5,-66,-60,
24.6,-66,-60,
24.7,-66,-60,
24.8,-66,-60,
24.9,-66,-60,
25,-66,-60,
25.1,-66,-60,
25.2,-66,-60,
25.3,-66,-60,
25.4,-64,-62,
25.5,-64,-62,
25.6,-64,-62,
25.7,-64,-62,
25.8,-64,-62,
25.9,-64,-62,
26,-64,-62,
26.1,-64,-62,
26.2,-64,-62,
26.3,-64,-62,
26.4,-64,-62,
26.5,-64,-63,
26.6,-64,-63,
26.7,-64,-63,
26.8,-64,-63,
26.9,-64,-63,
27,-64,-63,
27.1,-64,-63,
27.2,-64,-63,
27.3,-64,-63,
27.4,-64,-63,
27.5,-64,-67,
27.6,-66,-67,
27.7,-66,-67,
27.8,-66,-67,
27.9,-66,-67,
28,-66,-67,
28.1,-66,-67,
28.2,-66,-67,
28.3,-66,-67,
28.4,-66,-67,
28.5,-66,-67,
28.6,-64,-69,
28.7,-64,-69,
28.8,-64,-69,
28.9,-64,-69,
29,-64,-69,
29.1,-64,-69,
29.2,-64,-69,
29.3,-64,-69,
29.4,-64,-69,
29.5,-64,-69,
29.6,-64,-72,
29.7,-63,-72,
29.8,-63,-72,
29.9,-63,-72,
30,-63,-72,
30.1,-63,-72,
30.2,-63,-72,
30.3,-63,-72,
30.4,-63,-72,
30.5,-63,-72,
30.6,-63,-72,
30.7,-64,-68,
30.8,-64,-68,
30.9,-64,-68,
31,-64,-68,
31.1,-64,-68,
31.2,-64,-68,
31.3,-64,-68,
31.4,-64,-68,
31.5,-64,-68,
31.6,-64,-68,
31.7,-64,-61,
31.8,-63,-61,
31.9,-63,-61,
32,-63,-61,
32.1,-63,-61,
32.2,-63,-61,
32.3,-63,-61,
32.4,-63,-61,
32.5,-63,-61,
32.6,-63,-61,
32.7,-63,-61,
32.8,-65,-60,
32.9,-65,-60,
33,-65,-60,
33.1,-65,-60,
33.2,-65,-60,
33.3,-65,-60,
33.4,-65,-60,
33.5,-65,-60,
33.6,-65,-60,
33.7,-65,-60,
33.8,-64,-60,
33.9,-64,-60,
34,-64,-60,
34.1,-64,-60,
34.2,-64,-60,
34.3,-64,-60,
34.4,-64,-60,
34.5,-64,-60,
34.6,-64,-60,
34.7,-64,-60,
34.8,-64,-60,
34.9,-64,-60,
35,-64,-60,
35.1,-64,-60,
35.2,-64,-60,
35.3,-64,-60,
35.4,-64,-60,
35.5,-64,-60,
35.6,-64,-60,
35.7,-64,-60,
35.8,-64,-60,
35.9,-63,-61,
36,-63,-61,
36.1,-63,-61,
36.2,-63,-61,
36.3,-63,-61,
36.4,-63,-61,
36.5,-63,-61,
36.6,-63,-61,
36.7,-63,-61,
36.8,-63,-61,
36.9,-63,-61,
37,-63,-60,
37.1,-63,-60,
37.2,-63,-60,
37.3,-63,-60,
37.4,-63,-60,
37.5,-63,-60,
37.6,-63,-60,
37.7,-63,-60,
37.8,-63,-60,
37.9,-63,-60,
38,-63,-65,
38.1,-63,-65,
38.2,-63,-65,
38.3,-63,-65,
38.4,-63,-65,
38.5,-63,-65,
38.6,-63,-65,
38.7,-63,-65,
38.8,-63,-65,
38.9,-63,-65,
39,-63,-65,
39.1,-63,-70,
39.2,-63,-70,
39.3,-63,-70,
39.4,-63,-70,
39.5,-63,-70,
39.6,-63,-70,
39.7,-63,-70,
39.8,-63,-70,
39.9,-63,-70,
40,-63,-70,
40.1,-63,-66,
40.2,-63,-66,
40.3,-63,-66,
40.4,-63,-66,
40.5,-63,-66,
40.6,-63,-66,
40.7,-63,-66,
40.8,-63,-66,
40.9,-63,-66,
41,-63,-66,
41.1,-63,-66,
41.2,-64,-63,
41.3,-64,-63,
41.4,-64,-63,
41.5,-64,-63,
41.6,-64,-63,
41.7,-64,-63,
41.8,-64,-63,
41.9,-64,-63,
42,-64,-63,
42.1,-64,-63,
42.2,-63,-62,
42.3,-63,-62,
42.4,-63,-62,
42.5,-63,-62,
42.6,-63,-62,
42.7,-63,-62,
42.8,-63,-62,
42.9,-63,-62,
43,-63,-62,
43.1,-63,-62,
43.2,-63,-62,
43.3,-62,-58,
43.4,-62,-58,
43.5,-62,-58,
43.6,-62,-58,
43.7,-62,-58,
43.8,-62,-58,
43.9,-62,-58,
44,-62,-58,
44.1,-62,-58,
44.2,-62,-58,
44.3,-62,-59,
44.4,-62,-59,
44.5,-62,-59,
44.6,-62,-59,
44.7,-62,-59,
44.8,-62,-59,
44.9,-62,-59,
45,-62,-59,
45.1,-62,-59,
45.2,-62,-59,
45.3,-62,-59,
45.4,-62,-59,
45.5,-62,-59,
45.6,-62,-59,
45.7,-62,-59,
45.8,-62,-59,
45.9,-62,-59,
46,-62,-59,
46.1,-62,-59,
46.2,-62,-59,
46.3,-62,-59,
46.4,-68,-57,
46.5,-68,-57,
46.6,-68,-57,
46.7,-68,-57,
46.8,-68,-57,
46.9,-68,-57,
47,-68,-57,
47.1,-68,-57,
47.2,-68,-57,
47.3,-68,-57,
47.4,-68,-57,
47.5,-68,-63,
47.6,-68,-63,
47.7,-68,-63,
47.8,-68,-63,
47.9,-68,-63,
48,-68,-63,
48.1,-68,-63,
48.2,-68,-63,
48.3,-68,-63,
48.4,-68,-63,
48.5,-67,-66,
48.6,-67,-66,
48.7,-67,-66,
48.8,-67,-66,
48.9,-67,-66,
49,-67,-66,
49.1,-67,-66,
49.2,-67,-66,
49.3,-67,-66,
49.4,-67,-66,
49.5,-67,-66,
49.6,-63,-68,
49.7,-63,-68,
49.8,-63,-68,
49.9,-63,-68,
50,-63,-68,
50.1,-63,-68,
50.2,-63,-68,
50.3,-63,-68,
50.4,-63,-68,
50.5,-63,-68,
50.6,-66,-67,
50.7,-66,-67,
50.8,-66,-67,
50.9,-66,-67,
51,-66,-67,
51.1,-66,-67,
51.2,-66,-67,
51.3,-66,-67,
51.4,-66,-67,
51.5,-66,-67,
51.6,-66,-67,
51.7,-66,-66,
51.8,-66,-66,
51.9,-66,-66,
52,-66,-66,
52.1,-66,-66,
52.2,-66,-66,
52.3,-66,-66,
52.4,-66,-66,
52.5,-66,-66,
52.6,-66,-66,
52.7,-69,-65,
52.8,-69,-65,
52.9,-69,-65,
53,-69,-65,
53.1,-69,-65,
53.2,-69,-65,
53.3,-69,-65,
53.4,-69,-65,
53.5,-69,-65,
53.6,-69,-65,
53.7,-65,-68,
53.8,-65,-68,
53.9,-65,-68,
54,-65,-68,
54.1,-65,-68,
54.2,-65,-68,
54.3,-65,-68,
54.4,-65,-68,
54.5,-65,-68,
54.6,-65,-68,
54.7,-65,-66,
54.8,-62,-66,
54.9,-62,-66,
55,-62,-66,
55.1,-62,-66,
55.2,-62,-66,
55.3,-62,-66,
55.4,-62,-66,
55.5,-62,-66,
55.6,-62,-66,
55.7,-62,-66,
55.8,-63,-62,
55.9,-63,-62,
56,-63,-62,
56.1,-63,-62,
56.2,-63,-62,
56.3,-63,-62,
56.4,-63,-62,
56.5,-63,-62,
56.6,-63,-62,
56.7,-63,-62,
56.8,-63,-62,
56.9,-66,-64,
57,-66,-64,
57.1,-66,-64,
57.2,-66,-64,
57.3,-66,-64,
57.4,-66,-64,
57.5,-66,-64,
57.6,-66,-64,
57.7,-66,-64,
57.8,-66,-64,
57.9,-63,-63,
58,-63,-63,
58.1,-63,-63,
58.2,-63,-63,
58.3,-63,-63,
58.4,-63,-63,
58.5,-63,-63,
58.6,-63,-63,
58.7,-63,-63,
58.8,-63,-63,
58.9,-63,-63,
59,-64,-68,
59.1,-64,-68,
59.2,-64,-68,
59.3,-64,-68,
59.4,-64,-68,
59.5,-64,-68,
59.6,-64,-68,
59.7,-64,-68,
59.8,-64,-68,
59.9,-64,-68,
60,-65,-67,
60.1,-65,-67,
60.2,-65,-67,
60.3,-65,-67,
60.4,-65,-67,
60.5,-65,-67,
60.6,-65,-67,
60.7,-65,-67,
60.8,-65,-67,
60.9,-65,-67,
61,-65,-67,
61.1,-69,-69,
61.2,-69,-69,
61.3,-69,-69,
61.4,-69,-69,
61.5,-69,-69,
61.6,-69,-69,
61.7,-69,-69,
61.8,-69,-69,
61.9,-69,-69,
62,-69,-69,
62.1,-65,-72,
62.2,-65,-72,
62.3,-65,-72,
62.4,-65,-72,
62.5,-65,-72,
62.6,-65,-72,
62.7,-65,-72,
62.8,-65,-72,
62.9,-65,-72,
63,-65,-72,
63.1,-65,-72,
63.2,-63,-73,
63.3,-63,-73,
63.4,-63,-73,
63.5,-63,-73,
63.6,-63,-73,
63.7,-63,-73,
63.8,-63,-73,
63.9,-63,-73,
64,-63,-73,
64.1,-63,-73,
64.2,-62,-71,
64.3,-62,-71,
64.4,-62,-71,
64.5,-62,-71,
64.6,-62,-71,
64.7,-62,-71,
64.8,-62,-71,
64.9,-62,-71,
65,-62,-71,
65.1,-62,-71,
65.2,-62,-71,
65.3,-66,-68,
65.4,-66,-68,
65.5,-66,-68,
65.6,-66,-68,
65.7,-66,-68,
65.8,-66,-68,
65.9,-66,-68,
66,-66,-68,
66.1,-66,-68,
66.2,-66,-68,
66.3,-62,-50,
66.4,-62,-50,
66.5,-62,-50,
66.6,-62,-50,
66.7,-62,-50,
66.8,-62,-50,
66.9,-62,-50,
67,-62,-50,
67.1,-62,-50,
67.2,-62,-50,
67.3,-62,-50,
67.4,-63,-47,
67.5,-63,-47,
67.6,-63,-47,
67.7,-63,-47,
67.8,-63,-47,
67.9,-63,-47,
68,-63,-47,
68.1,-63,-47,
68.2,-63,-47,
68.3,-63,-47,
68.4,-63,-52,
68.5,-63,-52,
68.6,-63,-52,
68.7,-63,-52,
68.8,-63,-52,
68.9,-63,-52,
69,-63,-52,
69.1,-63,-52,
69.2,-63,-52,
69.3,-63,-52,
69.4,-63,-52,
69.5,-64,-59,
69.6,-64,-59,
69.7,-64,-59,
69.8,-64,-59,
69.9,-64,-59,
70,-64,-59,
70.1,-64,-59,
70.2,-64,-59,
70.3,-64,-59,
70.4,-64,-59,
70.5,-64,-66,
70.6,-64,-66,
70.7,-64,-66,
70.8,-64,-66,
70.9,-64,-66,
71,-64,-66,
71.1,-64,-66,
71.2,-64,-66,
71.3,-64,-66,
71.4,-64,-66,
71.5,-64,-66,
71.6,-63,-70,
71.7,-63,-70,
71.8,-63,-70,
71.9,-63,-70,
72,-63,-70,
72.1,-63,-70,
72.2,-63,-70,
72.3,-63,-70,
72.4,-63,-70,
72.5,-63,-70,
72.6,-65,-72,
72.7,-65,-72,
72.8,-65,-72,
72.9,-65,-72,
73,-65,-72,
73.1,-65,-72,
73.2,-65,-72,
73.3,-65,-72,
73.4,-65,-72,
73.5,-65,-72,
73.6,-65,-72,
73.7,-64,-72,
73.8,-64,-72,
73.9,-64,-72,
74,-64,-72,
74.1,-64,-72,
74.2,-64,-72,
74.3,-64,-72,
74.4,-64,-72,
74.5,-64,-72,
74.6,-64,-72,
74.7,-64,-71,
74.8,-64,-71,
74.9,-64,-71,
75,-64,-71,
75.1,-64,-71,
75.2,-64,-71,
75.3,-64,-71,
75.4,-64,-71,
75.5,-64,-71,
75.6,-64,-71,
75.7,-63,-73,
75.8,-63,-73,
75.9,-63,-73,
76,-63,-73,
76.1,-63,-73,
76.2,-63,-73,
76.3,-63,-73,
76.4,-63,-73,
76.5,-63,-73,
76.6,-63,-73,
76.7,-68,-75,
76.8,-68,-75,
76.9,-68,-75,
77,-68,-75,
77.1,-68,-75,
77.2,-68,-75,
77.3,-68,-75,
77.4,-68,-75,
77.5,-68,-75,
77.6,-68,-75,
77.7,-68,-75,
77.8,-66,-62,
77.9,-66,-62,
78,-66,-62,
78.1,-66,-62,
78.2,-66,-62,
78.3,-66,-62,
78.4,-66,-62,
78.5,-66,-62,
78.6,-66,-62,
78.7,-66,-62,
78.8,-65,-63,
78.9,-65,-63,
79,-65,-63,
79.1,-65,-63,
79.2,-65,-63,
79.3,-65,-63,
79.4,-65,-63,
79.5,-65,-63,
79.6,-65,-63,
79.7,-65,-63,
79.8,-65,-63,
79.9,-66,-65,
80,-66,-65,
80.1,-66,-65,
80.2,-66,-65,
80.3,-66,-65,
80.4,-66,-65,
80.5,-66,-65,
80.6,-66,-65,
80.7,-66,-65,
80.8,-66,-65,
80.9,-62,-62,
81,-62,-62,
81.1,-62,-62,
81.2,-62,-62,
81.3,-62,-62,
81.4,-62,-62,
81.5,-62,-62,
81.6,-62,-62,
81.7,-62,-62,
81.8,-62,-62,
81.9,-62,-62,
82,-62,-61,
82.1,-62,-61,
82.2,-62,-61,
82.3,-62,-61,
82.4,-62,-61,
82.5,-62,-61,
82.6,-62,-61,
82.7,-62,-61,
82.8,-62,-61,
82.9,-62,-61,
83,-63,-67,
83.1,-63,-67,
83.2,-63,-67,
83.3,-63,-67,
83.4,-63,-67,
83.5,-63,-67,
83.6,-63,-67,
83.7,-63,-67,
83.8,-63,-67,
83.9,-63,-67,
84,-63,-67,
84.1,-63,-72,
84.2,-63,-72,
84.3,-63,-72,
84.4,-63,-72,
84.5,-63,-72,
84.6,-63,-72,
84.7,-63,-72,
84.8,-63,-72,
84.9,-63,-72,
85,-63,-72,
85.1,-63,-74,
85.2,-63,-74,
85.3,-63,-74,
85.4,-63,-74,
85.5,-63,-74,
85.6,-63,-74,
85.7,-63,-74,
85.8,-63,-74,
85.9,-63,-74,
86,-63,-74,
86.1,-63,-74,
86.2,-66,-67,
86.3,-66,-67,
86.4,-66,-67,
86.5,-66,-67,
86.6,-66,-67,
86.7,-66,-67,
86.8,-66,-67,
86.9,-66,-67,
87,-66,-67,
87.1,-66,-67,
87.2,-63,-64,
87.3,-63,-64,
87.4,-63,-64,
87.5,-63,-64,
87.6,-63,-64,
87.7,-63,-64,
87.8,-63,-64,
87.9,-63,-64,
88,-63,-64,
88.1,-63,-64,
88.2,-63,-64,
88.3,-64,-60,
88.4,-64,-60,
88.5,-64,-60,
88.6,-64,-60,
88.7,-64,-60,
88.8,-64,-60,
88.9,-64,-60,
89,-64,-60,
89.1,-64,-60,
89.2,-64,-60,
89.3,-63,-59,
89.4,-63,-59,
89.5,-63,-59,
89.6,-63,-59,
89.7,-63,-59,
89.8,-63,-59,
89.9,-63,-59,
90,-63,-59,
90.1,-63,-59,
90.2,-63,-59,
90.3,-63,-59,
90.4,-63,-64,
90.5,-63,-64,
90.6,-63,-64,
90.7,-63,-64,
90.8,-63,-64,
90.9,-63,-64,
91,-63,-64,
91.1,-63,-64,
91.2,-63,-64,
91.3,-63,-64,
91.4,-63,-64,
91.5,-62,-61,
91.6,-62,-61,
91.7,-62,-61,
91.8,-62,-61,
91.9,-62,-61,
92,-62,-61,
92.1,-62,-61,
92.2,-62,-61,
92.3,-62,-61,
92.4,-62,-61,
92.5,-62,-55,
92.6,-62,-55,
92.7,-62,-55,
92.8,-62,-55,
92.9,-62,-55,
93,-62,-55,
93.1,-62,-55,
93.2,-62,-55,
93.3,-62,-55,
93.4,-62,-55,
93.5,-62,-55,
93.6,-63,-64,
93.7,-63,-64,
93.8,-63,-64,
93.9,-63,-64,
94,-63,-64,
94.1,-63,-64,
94.2,-63,-64,
94.3,-63,-64,
94.4,-63,-64,
94.5,-63,-64,
94.6,-63,-70,
94.7,-63,-70,
94.8,-63,-70,
94.9,-63,-70,
95,-63,-70,
95.1,-63,-70,
95.2,-63,-70,
95.3,-63,-70,
95.4,-63,-70,
95.5,-63,-70,
95.6,-63,-70,
95.7,-62,-76,
95.8,-62,-76,
95.9,-62,-76,
96,-62,-76,
96.1,-62,-76,
96.2,-62,-76,
96.3,-62,-76,
96.4,-62,-76,
96.5,-62,-76,
96.6,-62,-76,
96.7,-61,-75,
96.8,-61,-75,
96.9,-61,-75,
97,-61,-75,
97.1,-61,-75,
97.2,-61,-75,
97.3,-61,-75,
97.4,-61,-75,
97.5,-61,-75,
97.6,-61,-75,
97.7,-64,-74,
97.8,-64,-74,
97.9,-64,-74,
98,-64,-74,
98.1,-64,-74,
98.2,-64,-74,
98.3,-64,-74,
98.4,-64,-74,
98.5,-64,-74,
98.6,-64,-74,
98.7,-64,-74,
98.8,-65,-74,
98.9,-65,-74,
99,-65,-74,
99.1,-65,-74,
99.2,-65,-74,
99.3,-65,-74,
99.4,-65,-74,
99.5,-65,-74,
99.6,-65,-74,
99.7,-65,-74,
99.8,-65,-78,
99.9,-63,-78,
100,-63,-78,
100.1,-63,-78,
100.2,-63,-78,
100.3,-63,-78,
100.4,-63,-78,
100.5,-63,-78,
100.6,-63,-78,
100.7,-63,-78,
100.8,-63,-78,
100.9,-63,-79,
101,-63,-79,
101.1,-63,-79,
101.2,-63,-79,
101.3,-63,-79,
101.4,-63,-79,
101.5,-63,-79,
101.6,-63,-79,
101.7,-63,-79,
101.8,-63,-79,
101.9,-63,-81,
102,-64,-81,
102.1,-64,-81,
102.2,-64,-81,
102.3,-64,-81,
102.4,-64,-81,
102.5,-64,-81,
102.6,-64,-81,
102.7,-64,-81,
102.8,-64,-81,
102.9,-64,-81,
103,-63,-79,
103.1,-63,-79,
103.2,-63,-79,
103.3,-63,-79,
103.4,-63,-79,
103.5,-63,-79,
103.6,-63,-79,
103.7,-63,-79,
103.8,-63,-79,
103.9,-63,-79,
104,-63,-71,
104.1,-63,-71,
104.2,-63,-71,
104.3,-63,-71,
104.4,-63,-71,
104.5,-63,-71,
104.6,-63,-71,
104.7,-63,-71,
104.8,-63,-71,
104.9,-63,-71,
105,-63,-71,
105.1,-66,-67,
105.2,-66,-67,
105.3,-66,-67,
105.4,-66,-67,
105.5,-66,-67,
105.6,-66,-67,
105.7,-66,-67,
105.8,-66,-67,
105.9,-66,-67,
106,-66,-67,
106.1,-66,-62,
106.2,-65,-62,
106.3,-65,-62,
106.4,-65,-62,
106.5,-65,-62,
106.6,-65,-62,
106.7,-65,-62,
106.8,-65,-62,
106.9,-65,-62,
107,-65,-62,
107.1,-65,-62,
107.2,-65,-58,
107.3,-65,-58,
107.4,-65,-58,
107.5,-65,-58,
107.6,-65,-58,
107.7,-65,-58,
107.8,-65,-58,
107.9,-65,-58,
108,-65,-58,
108.1,-65,-58,
108.2,-65,-58,
108.3,-65,-58,
108.4,-65,-58,
108.5,-65,-58,
108.6,-65,-58,
108.7,-65,-58,
108.8,-65,-58,
108.9,-65,-58,
109,-65,-58,
109.1,-65,-58,
109.2,-65,-58,
109.3,-66,-60,
109.4,-66,-60,
109.5,-66,-60,
109.6,-66,-60,
109.7,-66,-60,
109.8,-66,-60,
109.9,-66,-60,
110,-66,-60,
110.1,-66,-60,
110.2,-66,-60,
110.3,-66,-60,
110.4,-64,-54,
110.5,-64,-54,
110.6,-64,-54,
110.7,-64,-54,
110.8,-64,-54,
110.9,-64,-54,
111,-64,-54,
111.1,-64,-54,
111.2,-64,-54,
111.3,-64,-54,
111.4,-61,-55,
111.5,-61,-55,
111.6,-61,-55,
111.7,-61,-55,
111.8,-61,-55,
111.9,-61,-55,
112,-61,-55,
112.1,-61,-55,
112.2,-61,-55,
112.3,-61,-55,
112.4,-61,-55,
112.5,-65,-63,
112.6,-65,-63,
112.7,-65,-63,
112.8,-65,-63,
112.9,-65,-63,
113,-65,-63,
113.1,-65,-63,
113.2,-65,-63,
113.3,-65,-63,
113.4,-65,-63,
113.5,-60,-73,
113.6,-60,-73,
113.7,-60,-73,
113.8,-60,-73,
113.9,-60,-73,
114,-60,-73,
114.1,-60,-73,
114.2,-60,-73,
114.3,-60,-73,
114.4,-60,-73,
114.5,-60,-73,
114.6,-60,-76,
114.7,-60,-76,
114.8,-60,-76,
114.9,-60,-76,
115,-60,-76,
115.1,-60,-76,
115.2,-60,-76,
115.3,-60,-76,
115.4,-60,-76,
115.5,-60,-76,
115.6,-62,-70,
115.7,-62,-70,
115.8,-62,-70,
115.9,-62,-70,
116,-62,-70,
116.1,-62,-70,
116.2,-62,-70,
116.3,-62,-70,
116.4,-62,-70,
116.5,-62,-70,
116.6,-62,-70,
116.7,-64,-65,
116.8,-64,-65,
116.9,-64,-65,
117,-64,-65,
117.1,-64,-65,
117.2,-64,-65,
117.3,-64,-65,
117.4,-64,-65,
117.5,-64,-65,
117.6,-64,-65,
117.7,-62,-63,
117.8,-62,-63,
117.9,-62,-63,
118,-62,-63,
118.1,-62,-63,
118.2,-62,-63,
118.3,-62,-63,
118.4,-62,-63,
118.5,-62,-63,
118.6,-62,-63,
118.7,-62,-63,
118.8,-62,-63,
118.9,-62,-63,
119,-62,-63,
119.1,-62,-63,
119.2,-62,-63,
119.3,-62,-63,
119.4,-62,-63,
119.5,-62,-63,
119.6,-62,-63,
119.7,-62,-63,
119.8,-64,-62,
119.9,-64,-62,
120,-64,-62,
120.1,-64,-62,
120.2,-64,-62,
120.3,-64,-62,
120.4,-64,-62,
120.5,-64,-62,
120.6,-64,-62,
120.7,-64,-62,
120.8,-64,-59,
120.9,-63,-59,
121,-63,-59,
121.1,-63,-59,
121.2,-63,-59,
121.3,-63,-59,
121.4,-63,-59,
121.5,-63,-59,
121.6,-63,-59,
121.7,-63,-59,
121.8,-63,-58,
121.9,-63,-58,
122,-63,-58,
122.1,-63,-58,
122.2,-63,-58,
122.3,-63,-58,
122.4,-63,-58,
122.5,-63,-58,
122.6,-63,-58,
122.7,-63,-58,
122.8,-63,-58,
122.9,-63,-58,
123,-61,-58,
123.1,-61,-58,
123.2,-61,-58,
123.3,-61,-58,
123.4,-61,-58,
123.5,-61,-58,
123.6,-61,-58,
123.7,-61,-58,
123.8,-61,-58,
123.9,-61,-63,
124,-64,-63,
124.1,-64,-63,
124.2,-64,-63,
124.3,-64,-63,
124.4,-64,-63,
124.5,-64,-63,
124.6,-64,-63,
124.7,-64,-63,
124.8,-64,-63,
124.9,-64,-63,
125,-64,-69,
125.1,-62,-69,
125.2,-62,-69,
125.3,-62,-69,
125.4,-62,-69,
125.5,-62,-69,
125.6,-62,-69,
125.7,-62,-69,
125.8,-62,-69,
125.9,-62,-69,
126,-62,-70,
126.1,-61,-70,
126.2,-61,-70,
126.3,-61,-70,
126.4,-61,-70,
126.5,-61,-70,
126.6,-61,-70,
126.7,-61,-70,
126.8,-61,-70,
126.9,-61,-70,
127,-61,-70,
127.1,-61,-72,
127.2,-62,-72,
127.3,-62,-72,
127.4,-62,-72,
127.5,-62,-72,
127.6,-62,-72,
127.7,-62,-72,
127.8,-62,-72,
127.9,-62,-72,
128,-62,-72,
128.1,-62,-66,
128.2,-63,-66,
128.3,-63,-66,
128.4,-63,-66,
128.5,-63,-66,
128.6,-63,-66,
128.7,-63,-66,
128.8,-63,-66,
128.9,-63,-66,
129,-63,-66,
129.1,-63,-66,
129.2,-63,-60,
129.3,-62,-60,
129.4,-62,-60,
129.5,-62,-60,
129.6,-62,-60,
129.7,-62,-60,
129.8,-62,-60,
129.9,-62,-60,
130,-62,-60,
130.1,-62,-60,
130.2,-62,-59,
130.3,-61,-59,
130.4,-61,-59,
130.5,-61,-59,
130.6,-61,-59,
130.7,-61,-59,
130.8,-61,-59,
130.9,-61,-59,
131,-61,-59,
131.1,-61,-59,
131.2,-61,-59,
131.3,-61,-62,
131.4,-63,-62,
131.5,-63,-62,
131.6,-63,-62,
131.7,-63,-62,
131.8,-63,-62,
131.9,-63,-62,
132,-63,-62,
132.1,-63,-62,
132.2,-63,-62,
132.3,-63,-63,
132.4,-64,-63,
132.5,-64,-63,
132.6,-64,-63,
132.7,-64,-63,
132.8,-64,-63,
132.9,-64,-63,
133,-64,-63,
133.1,-64,-63,
133.2,-64,-63,
133.3,-64,-63,
133.4,-64,-62,
133.5,-61,-62,
133.6,-61,-62,
133.7,-61,-62,
133.8,-61,-62,
133.9,-61,-62,
134,-61,-62,
134.1,-61,-62,
134.2,-61,-62,
134.3,-61,-62,
134.4,-61,-63,
134.5,-65,-63,
134.6,-65,-63,
134.7,-65,-63,
134.8,-65,-63,
134.9,-65,-63,
135,-65,-63,
135.1,-65,-63,
135.2,-65,-63,
135.3,-65,-63,
135.4,-65,-63,
135.5,-65,-69,
135.6,-62,-69,
135.7,-62,-69,
135.8,-62,-69,
135.9,-62,-69,
136,-62,-69,
136.1,-62,-69,
136.2,-62,-69,
136.3,-62,-69,
136.4,-62,-69,
136.5,-62,-72,
136.6,-63,-72,
136.7,-63,-72,
136.8,-63,-72,
136.9,-63,-72,
137,-63,-72,
137.1,-63,-72,
137.2,-63,-72,
137.3,-63,-72,
137.4,-63,-72,
137.5,-63,-72,
137.6,-63,-71,
137.7,-62,-71,
137.8,-62,-71,
137.9,-62,-71,
138,-62,-71,
138.1,-62,-71,
138.2,-62,-71,
138.3,-62,-71,
138.4,-62,-71,
138.5,-62,-71,
138.6,-62,-69,
138.7,-64,-69,
138.8,-64,-69,
138.9,-64,-69,
139,-64,-69,
139.1,-64,-69,
139.2,-64,-69,
139.3,-64,-69,
139.4,-64,-69,
139.5,-64,-69,
139.6,-64,-69,
139.7,-64,-67,
139.8,-62,-67,
139.9,-62,-67,
140,-62,-67,
140.1,-62,-67,
140.2,-62,-67,
140.3,-62,-67,
140.4,-62,-67,
140.5,-62,-67,
140.6,-62,-67,
140.7,-62,-62,
140.8,-63,-62,
140.9,-63,-62,
141,-63,-62,
141.1,-63,-62,
141.2,-63,-62,
141.3,-63,-62,
141.4,-63,-62,
141.5,-63,-62,
141.6,-63,-62,
141.7,-63,-63,
141.8,-64,-63,
141.9,-64,-63,
142,-64,-63,
142.1,-64,-63,
142.2,-64,-63,
142.3,-64,-63,
142.4,-64,-63,
142.5,-64,-63,
142.6,-64,-63,
142.7,-64,-63,
142.8,-64,-63,
142.9,-63,-63,
143,-63,-63,
143.1,-63,-63,
143.2,-63,-63,
143.3,-63,-63,
143.4,-63,-63,
143.5,-63,-63,
143.6,-63,-63,
143.7,-63,-63,
143.8,-63,-68,
143.9,-65,-68,
144,-65,-68,
144.1,-65,-68,
144.2,-65,-68,
144.3,-65,-68,
144.4,-65,-68,
144.5,-65,-68,
144.6,-65,-68,
144.7,-65,-68,
144.8,-65,-68,
144.9,-65,-63,
145,-63,-63,
145.1,-63,-63,
145.2,-63,-63,
145.3,-63,-63,
145.4,-63,-63,
145.5,-63,-63,
145.6,-63,-63,
145.7,-63,-63,
145.8,-63,-63,
145.9,-63,-62,
146,-63,-62,
146.1,-63,-62,
146.2,-63,-62,
146.3,-63,-62,
146.4,-63,-62,
146.5,-63,-62,
146.6,-63,-62,
146.7,-63,-62,
146.8,-63,-62,
146.9,-63,-62,
147,-63,-67,
147.1,-61,-67,
147.2,-61,-67,
147.3,-61,-67,
147.4,-61,-67,
147.5,-61,-67,
147.6,-61,-67,
147.7,-61,-67,
147.8,-61,-67,
147.9,-61,-67,
148,-61,-68,
148.1,-64,-68,
148.2,-64,-68,
148.3,-64,-68,
148.4,-64,-68,
148.5,-64,-68,
148.6,-64,-68,
148.7,-64,-68,
148.8,-64,-68,
148.9,-64,-68,
149,-64,-68,
149.1,-64,-67,
149.2,-63,-67,
149.3,-63,-67,
149.4,-63,-67,
149.5,-63,-67,
149.6,-63,-67,
149.7,-63,-67,
149.8,-63,-67,
149.9,-63,-67,
150,-63,-67,
150.1,-63,-60,
150.2,-61,-60,
150.3,-61,-60,
150.4,-61,-60,
150.5,-61,-60,
150.6,-61,-60,
150.7,-61,-60,
150.8,-61,-60,
150.9,-61,-60,
151,-61,-60,
151.1,-61,-60,
151.2,-61,-63,
151.3,-62,-63,
151.4,-62,-63,
151.5,-62,-63,
151.6,-62,-63,
151.7,-62,-63,
151.8,-62,-63,
151.9,-62,-63,
152,-62,-63,
152.1,-62,-63,
152.2,-62,-71,
152.3,-62,-71,
152.4,-62,-71,
152.5,-62,-71,
152.6,-62,-71,
152.7,-62,-71,
152.8,-62,-71,
152.9,-62,-71,
153,-62,-71,
153.1,-62,-71,
153.2,-62,-71,
153.3,-62,-69,
153.4,-62,-69,
153.5,-62,-69,
153.6,-62,-69,
153.7,-62,-69,
153.8,-62,-69,
153.9,-62,-69,
154,-62,-69,
154.1,-62,-69,
154.2,-62,-69,
154.3,-62,-63,
154.4,-63,-63,
154.5,-63,-63,
154.6,-63,-63,
154.7,-63,-63,
154.8,-63,-63,
154.9,-63,-63,
155,-63,-63,
155.1,-63,-63,
155.2,-63,-63,
155.3,-63,-63,
155.4,-63,-71,
155.5,-67,-71,
155.6,-67,-71,
155.7,-67,-71,
155.8,-67,-71,
155.9,-67,-71,
156,-67,-71,
156.1,-67,-71,
156.2,-67,-71,
156.3,-67,-71,
156.4,-67,-75,
156.5,-63,-75,
156.6,-63,-75,
156.7,-63,-75,
156.8,-63,-75,
156.9,-63,-75,
157,-63,-75,
157.1,-63,-75,
157.2,-63,-75,
157.3,-63,-75,
157.4,-63,-75,
157.5,-63,-74,
157.6,-63,-74,
157.7,-63,-74,
157.8,-63,-74,
157.9,-63,-74,
158,-63,-74,
158.1,-63,-74,
158.2,-63,-74,
158.3,-63,-74,
158.4,-63,-74,
158.5,-63,-74,
158.6,-66,-69,
158.7,-66,-69,
158.8,-66,-69,
158.9,-66,-69,
159,-66,-69,
159.1,-66,-69,
159.2,-66,-69,
159.3,-66,-69,
159.4,-66,-69,
159.5,-66,-69,
159.6,-66,-63,
159.7,-64,-63,
159.8,-64,-63,
159.9,-64,-63,
160,-64,-63,
160.1,-64,-63,
160.2,-64,-63,
160.3,-64,-63,
160.4,-64,-63,
160.5,-64,-63,
160.6,-64,-61,
160.7,-63,-61,
160.8,-63,-61,
160.9,-63,-61,
161,-63,-61,
161.1,-63,-61,
161.2,-63,-61,
161.3,-63,-61,
161.4,-63,-61,
161.5,-63,-61,
161.6,-63,-61,
161.7,-62,-60,
161.8,-62,-60,
161.9,-62,-60,
162,-62,-60,
162.1,-62,-60,
162.2,-62,-60,
162.3,-62,-60,
162.4,-62,-60,
162.5,-62,-60,
162.6,-62,-60,
162.7,-63,-61,
162.8,-63,-61,
162.9,-63,-61,
163,-63,-61,
163.1,-63,-61,
163.2,-63,-61,
163.3,-63,-61,
163.4,-63,-61,
163.5,-63,-61,
163.6,-63,-61,
163.7,-63,-63,
163.8,-63,-63,
163.9,-63,-63,
164,-63,-63,
164.1,-63,-63,
164.2,-63,-63,
164.3,-63,-63,
164.4,-63,-63,
164.5,-63,-63,
164.6,-63,-63,
164.7,-63,-63,
164.8,-63,-64,
164.9,-63,-64,
165,-63,-64,
165.1,-63,-64,
165.2,-63,-64,
165.3,-63,-64,
165.4,-63,-64,
165.5,-63,-64,
165.6,-63,-64,
165.7,-63,-64,
165.8,-63,-64,
165.9,-66,-63,
166,-66,-63,
166.1,-66,-63,
166.2,-66,-63,
166.3,-66,-63,
166.4,-66,-63,
166.5,-66,-63,
166.6,-66,-63,
166.7,-66,-63,
166.8,-66,-63,
166.9,-62,-67,
167,-62,-67,
167.1,-62,-67,
167.2,-62,-67,
167.3,-62,-67,
167.4,-62,-67,
167.5,-62,-67,
167.6,-62,-67,
167.7,-62,-67,
167.8,-62,-67,
167.9,-62,-67,
168,-63,-69,
168.1,-63,-69,
168.2,-63,-69,
168.3,-63,-69,
168.4,-63,-69,
168.5,-63,-69,
168.6,-63,-69,
168.7,-63,-69,
168.8,-63,-69,
168.9,-63,-69,
169,-63,-69,
169.1,-63,-69,
169.2,-63,-69,
169.3,-63,-69,
169.4,-63,-69,
169.5,-63,-69,
169.6,-63,-69,
169.7,-63,-69,
169.8,-63,-69,
169.9,-63,-69,
170,-63,-69,
170.1,-65,-66,
170.2,-65,-66,
170.3,-65,-66,
170.4,-65,-66,
170.5,-65,-66,
170.6,-65,-66,
170.7,-65,-66,
170.8,-65,-66,
170.9,-65,-66,
171,-65,-66,
171.1,-64,-62,
171.2,-64,-62,
171.3,-64,-62,
171.4,-64,-62,
171.5,-64,-62,
171.6,-64,-62,
171.7,-64,-62,
171.8,-64,-62,
171.9,-64,-62,
172,-64,-62,
172.1,-64,-62,
172.2,-63,-61,
172.3,-63,-61,
172.4,-63,-61,
172.5,-63,-61,
172.6,-63,-61,
172.7,-63,-61,
172.8,-63,-61,
172.9,-63,-61,
173,-63,-61,
173.1,-63,-61,
173.2,-63,-62,
173.3,-63,-62,
173.4,-63,-62,
173.5,-63,-62,
173.6,-63,-62,
173.7,-63,-62,
173.8,-63,-62,
173.9,-63,-62,
174,-63,-62,
174.1,-63,-62,
174.2,-63,-62,
174.3,-62,-61,
174.4,-62,-61,
174.5,-62,-61,
174.6,-62,-61,
174.7,-62,-61,
174.8,-62,-61,
174.9,-62,-61,
175,-62,-61,
175.1,-62,-61,
175.2,-62,-61,
175.3,-64,-61,
175.4,-64,-61,
175.5,-64,-61,
175.6,-64,-61,
175.7,-64,-61,
175.8,-64,-61,
175.9,-64,-61,
176,-64,-61,
176.1,-64,-61,
176.2,-64,-61,
176.3,-64,-61,
176.4,-63,-67,
176.5,-63,-67,
176.6,-63,-67,
176.7,-63,-67,
176.8,-63,-67,
176.9,-63,-67,
177,-63,-67,
177.1,-63,-67,
177.2,-63,-67,
177.3,-63,-67,
177.4,-63,-68,
177.5,-63,-68,
177.6,-63,-68,
177.7,-63,-68,
177.8,-63,-68,
177.9,-63,-68,
178,-63,-68,
178.1,-63,-68,
178.2,-63,-68,
178.3,-63,-68,
178.4,-63,-68,
178.5,-62,-65,
178.6,-62,-65,
178.7,-62,-65,
178.8,-62,-65,
178.9,-62,-65,
179,-62,-65,
179.1,-62,-65,
179.2,-62,-65,
179.3,-62,-65,
179.4,-62,-65,
179.5,-62,-72,
179.6,-62,-72,
179.7,-62,-72,
179.8,-62,-72,
179.9,-62,-72,
180,-62,-72,
180.1,-62,-72,
180.2,-62,-72,
180.3,-62,-72,
180.4,-62,-72,
180.5,-62,-72,
180.6,-65,-72,
180.7,-65,-72,
180.8,-65,-72,
180.9,-65,-72,
181,-65,-72,
181.1,-65,-72,
181.2,-65,-72,
181.3,-65,-72,
181.4,-65,-72,
181.5,-65,-72,
181.6,-65,-67,
181.7,-65,-67,
181.8,-65,-67,
181.9,-65,-67,
182,-65,-67,
182.1,-65,-67,
182.2,-65,-67,
182.3,-65,-67,
182.4,-65,-67,
182.5,-65,-67,
182.6,-65,-67,
182.7,-64,-63,
182.8,-64,-63,
182.9,-64,-63,
183,-64,-63,
183.1,-64,-63,
183.2,-64,-63,
183.3,-64,-63,
183.4,-64,-63,
183.5,-64,-63,
183.6,-64,-63,
183.7,-64,-62,
183.8,-64,-62,
183.9,-64,-62,
184,-64,-62,
184.1,-64,-62,
184.2,-64,-62,
184.3,-64,-62,
184.4,-64,-62,
184.5,-64,-62,
184.6,-64,-62,
184.7,-63,-62,
184.8,-63,-62,
184.9,-63,-62,
185,-63,-62,
185.1,-63,-62,
185.2,-63,-62,
185.3,-63,-62,
185.4,-63,-62,
185.5,-63,-62,
185.6,-63,-62,
185.7,-63,-62,
185.8,-62,-60,
185.9,-62,-60,
186,-62,-60,
186.1,-62,-60,
186.2,-62,-60,
186.3,-62,-60,
186.4,-62,-60,
186.5,-62,-60,
186.6,-62,-60,
186.7,-62,-60,
186.8,-63,-60,
186.9,-63,-60,
187,-63,-60,
187.1,-63,-60,
187.2,-63,-60,
187.3,-63,-60,
187.4,-63,-60,
187.5,-63,-60,
187.6,-63,-60,
187.7,-63,-60,
187.8,-63,-60,
187.9,-67,-68,
188,-67,-68,
188.1,-67,-68,
188.2,-67,-68,
188.3,-67,-68,
188.4,-67,-68,
188.5,-67,-68,
188.6,-67,-68,
188.7,-67,-68,
188.8,-67,-68,
188.9,-65,-72,
189,-65,-72,
189.1,-65,-72,
189.2,-65,-72,
189.3,-65,-72,
189.4,-65,-72,
189.5,-65,-72,
189.6,-65,-72,
189.7,-65,-72,
189.8,-65,-72,
189.9,-65,-72,
190,-67,-69,
190.1,-67,-69,
190.2,-67,-69,
190.3,-67,-69,
190.4,-67,-69,
190.5,-67,-69,
190.6,-67,-69,
190.7,-67,-69,
190.8,-67,-69,
190.9,-67,-69,
191,-66,-69,
191.1,-66,-69,
191.2,-66,-69,
191.3,-66,-69,
191.4,-66,-69,
191.5,-66,-69,
191.6,-66,-69,
191.7,-66,-69,
191.8,-66,-69,
191.9,-66,-69,
192,-66,-69,
192.1,-67,-74,
192.2,-67,-74,
192.3,-67,-74,
192.4,-67,-74,
192.5,-67,-74,
192.6,-67,-74,
192.7,-67,-74,
192.8,-67,-74,
192.9,-67,-74,
193,-67,-74,
193.1,-64,-73,
193.2,-64,-73,
193.3,-64,-73,
193.4,-64,-73,
193.5,-64,-73,
193.6,-64,-73,
193.7,-64,-73,
193.8,-64,-73,
193.9,-64,-73,
194,-64,-73,
194.1,-64,-73,
194.2,-65,-72,
194.3,-65,-72,
194.4,-65,-72,
194.5,-65,-72,
194.6,-65,-72,
194.7,-65,-72,
194.8,-65,-72,
194.9,-65,-72,
195,-65,-72,
195.1,-65,-72,
195.2,-65,-68,
195.3,-65,-68,
195.4,-65,-68,
195.5,-65,-68,
195.6,-65,-68,
195.7,-65,-68,
195.8,-65,-68,
195.9,-65,-68,
196,-65,-68,
196.1,-65,-68,
196.2,-65,-68,
196.3,-65,-65,
196.4,-65,-65,
196.5,-65,-65,
196.6,-65,-65,
196.7,-65,-65,
196.8,-65,-65,
196.9,-65,-65,
197,-65,-65,
197.1,-65,-65,
197.2,-65,-65,
197.3,-63,-64,
197.4,-63,-64,
197.5,-63,-64,
197.6,-63,-64,
197.7,-63,-64,
197.8,-63,-64,
197.9,-63,-64,
198,-63,-64,
198.1,-63,-64,
198.2,-63,-64,
198.3,-63,-64,
198.4,-65,-61,
198.5,-65,-61,
198.6,-65,-61,
198.7,-65,-61,
198.8,-65,-61,
198.9,-65,-61,
199,-65,-61,
199.1,-65,-61,
199.2,-65,-61,
199.3,-65,-61,
199.4,-62,-63,
199.5,-62,-63,
199.6,-62,-63,
199.7,-62,-63,
199.8,-62,-63,
199.9,-62,-63,
200,-62,-63,
200.1,-62,-63,
200.2,-62,-63,
200.3,-62,-63,
200.4,-62,-63,
200.5,-63,-68,
200.6,-63,-68,
200.7,-63,-68,
200.8,-63,-68,
200.9,-63,-68,
201,-63,-68,
201.1,-63,-68,
201.2,-63,-68,
201.3,-63,-68,
201.4,-63,-68,
201.5,-64,-63,
201.6,-64,-63,
201.7,-64,-63,
201.8,-64,-63,
201.9,-64,-63,
202,-64,-63,
202.1,-64,-63,
202.2,-64,-63,
202.3,-64,-63,
202.4,-64,-63,
202.5,-64,-63,
202.6,-68,-66,
202.7,-68,-66,
202.8,-68,-66,
202.9,-68,-66,
203,-68,-66,
203.1,-68,-66,
203.2,-68,-66,
203.3,-68,-66,
203.4,-68,-66,
203.5,-68,-66,
203.6,-64,-76,
203.7,-64,-76,
203.8,-64,-76,
203.9,-64,-76,
204,-64,-76,
204.1,-64,-76,
204.2,-64,-76,
204.3,-64,-76,
204.4,-64,-76,
204.5,-64,-76,
204.6,-64,-76,
204.7,-67,-74,
204.8,-67,-74,
204.9,-67,-74,
205,-67,-74,
205.1,-67,-74,
205.2,-67,-74,
205.3,-67,-74,
205.4,-67,-74,
205.5,-67,-74,
205.6,-67,-74,
205.7,-64,-66,
205.8,-64,-66,
205.9,-64,-66,
206,-64,-66,
206.1,-64,-66,
206.2,-64,-66,
206.3,-64,-66,
206.4,-64,-66,
206.5,-64,-66,
206.6,-64,-66,
206.7,-64,-63,
206.8,-63,-63,
206.9,-63,-63,
207,-63,-63,
207.1,-63,-63,
207.2,-63,-63,
207.3,-63,-63,
207.4,-63,-63,
207.5,-63,-63,
207.6,-63,-63,
207.7,-63,-63,
207.8,-63,-68,
207.9,-63,-68,
208,-63,-68,
208.1,-63,-68,
208.2,-63,-68,
208.3,-63,-68,
208.4,-63,-68,
208.5,-63,-68,
208.6,-63,-68,
208.7,-63,-68,
208.8,-63,-65,
208.9,-63,-65,
209,-63,-65,
209.1,-63,-65,
209.2,-63,-65,
209.3,-63,-65,
209.4,-63,-65,
209.5,-63,-65,
209.6,-63,-65,
209.7,-63,-65,
209.8,-63,-65,
209.9,-62,-71,
210,-62,-71,
210.1,-62,-71,
210.2,-62,-71,
210.3,-62,-71,
210.4,-62,-71,
210.5,-62,-71,
210.6,-62,-71,
210.7,-62,-71,
210.8,-62,-71,
210.9,-62,-68,
211,-63,-68,
211.1,-63,-68,
211.2,-63,-68,
211.3,-63,-68,
211.4,-63,-68,
211.5,-63,-68,
211.6,-63,-68,
211.7,-63,-68,
211.8,-63,-68,
211.9,-63,-68,
212,-67,-72,
212.1,-67,-72,
212.2,-67,-72,
212.3,-67,-72,
212.4,-67,-72,
212.5,-67,-72,
212.6,-67,-72,
212.7,-67,-72,
212.8,-67,-72,
212.9,-67,-72,
213,-67,-74,
213.1,-63,-74,
213.2,-63,-74,
213.3,-63,-74,
213.4,-63,-74,
213.5,-63,-74,
213.6,-63,-74,
213.7,-63,-74,
213.8,-63,-74,
213.9,-63,-74,
214,-63,-74,
214.1,-62,-71,
214.2,-62,-71,
214.3,-62,-71,
214.4,-62,-71,
214.5,-62,-71,
214.6,-62,-71,
214.7,-62,-71,
214.8,-62,-71,
214.9,-62,-71,
215,-62,-71,
215.1,-62,-75,
215.2,-63,-75,
215.3,-63,-75,
215.4,-63,-75,
215.5,-63,-75,
215.6,-63,-75,
215.7,-63,-75,
215.8,-63,-75,
215.9,-63,-75,
216,-63,-75,
216.1,-63,-75,
216.2,-62,-75,
216.3,-62,-75,
216.4,-62,-75,
216.5,-62,-75,
216.6,-62,-75,
216.7,-62,-75,
216.8,-62,-75,
216.9,-62,-75,
217,-62,-75,
217.1,-62,-75,
217.2,-62,-75,
217.3,-66,-68,
217.4,-66,-68,
217.5,-66,-68,
217.6,-66,-68,
217.7,-66,-68,
217.8,-66,-68,
217.9,-66,-68,
218,-66,-68,
218.1,-66,-68,
218.2,-66,-68,
218.3,-66,-61,
218.4,-66,-61,
218.5,-66,-61,
218.6,-66,-61,
218.7,-66,-61,
218.8,-66,-61,
218.9,-66,-61,
219,-66,-61,
219.1,-66,-61,
219.2,-66,-61,
219.3,-66,-61,
219.4,-64,-61,
219.5,-64,-61,
219.6,-64,-61,
219.7,-64,-61,
219.8,-64,-61,
219.9,-64,-61,
220,-64,-61,
220.1,-64,-61,
220.2,-64,-61,
220.3,-64,-61,
220.4,-62,-68,
220.5,-62,-68,
220.6,-62,-68,
220.7,-62,-68,
220.8,-62,-68,
220.9,-62,-68,
221,-62,-68,
221.1,-62,-68,
221.2,-62,-68,
221.3,-62,-68,
221.4,-62,-68,
221.5,-62,-69,
221.6,-62,-69,
221.7,-62,-69,
221.8,-62,-69,
221.9,-62,-69,
222,-62,-69,
222.1,-62,-69,
222.2,-62,-69,
222.3,-62,-69,
222.4,-62,-69,
222.5,-64,-64,
222.6,-64,-64,
222.7,-64,-64,
222.8,-64,-64,
222.9,-64,-64,
223,-64,-64,
223.1,-64,-64,
223.2,-64,-64,
223.3,-64,-64,
223.4,-64,-64,
223.5,-64,-64,
223.6,-63,-69,
223.7,-63,-69,
223.8,-63,-69,
223.9,-63,-69,
224,-63,-69,
224.1,-63,-69,
224.2,-63,-69,
224.3,-63,-69,
224.4,-63,-69,
224.5,-63,-69,
224.6,-63,-63,
224.7,-63,-63,
224.8,-63,-63,
224.9,-63,-63,
225,-63,-63,
225.1,-63,-63,
225.2,-63,-63,
225.3,-63,-63,
225.4,-63,-63,
225.5,-63,-63,
225.6,-63,-63,
225.7,-64,-69,
225.8,-64,-69,
225.9,-64,-69,
226,-64,-69,
226.1,-64,-69,
226.2,-64,-69,
226.3,-64,-69,
226.4,-64,-69,
226.5,-64,-69,
226.6,-64,-69,
226.7,-63,-78,
226.8,-63,-78,
226.9,-63,-78,
227,-63,-78,
227.1,-63,-78,
227.2,-63,-78,
227.3,-63,-78,
227.4,-63,-78,
227.5,-63,-78,
227.6,-63,-78,
227.7,-63,-78,
227.8,-63,-78,
227.9,-63,-78,
228,-63,-78,
228.1,-63,-78,
228.2,-63,-78,
228.3,-63,-78,
228.4,-63,-78,
228.5,-63,-78,
228.6,-63,-78,
228.7,-63,-78,
228.8,-61,-77,
228.9,-61,-77,
229,-61,-77,
229.1,-61,-77,
229.2,-61,-77,
229.3,-61,-77,
229.4,-61,-77,
229.5,-61,-77,
229.6,-61,-77,
229.7,-61,-77,
229.8,-61,-75,
229.9,-65,-75,
230,-65,-75,
230.1,-65,-75,
230.2,-65,-75,
230.3,-65,-75,
230.4,-65,-75,
230.5,-65,-75,
230.6,-65,-75,
230.7,-65,-75,
230.8,-65,-75,
230.9,-64,-71,
231,-64,-71,
231.1,-64,-71,
231.2,-64,-71,
231.3,-64,-71,
231.4,-64,-71,
231.5,-64,-71,
231.6,-64,-71,
231.7,-64,-71,
231.8,-64,-71,
231.9,-64,-67,
232,-62,-67,
232.1,-62,-67,
232.2,-62,-67,
232.3,-62,-67,
232.4,-62,-67,
232.5,-62,-67,
232.6,-62,-67,
232.7,-62,-67,
232.8,-62,-67,
232.9,-62,-67,
233,-64,-65,
233.1,-64,-65,
233.2,-64,-65,
233.3,-64,-65,
233.4,-64,-65,
233.5,-64,-65,
233.6,-64,-65,
233.7,-64,-65,
233.8,-64,-65,
233.9,-64,-65,
234,-64,-61,
234.1,-65,-61,
234.2,-65,-61,
234.3,-65,-61,
234.4,-65,-61,
234.5,-65,-61,
234.6,-65,-61,
234.7,-65,-61,
234.8,-65,-61,
234.9,-65,-61,
235,-65,-61,
235.1,-65,-59,
235.2,-65,-59,
235.3,-65,-59,
235.4,-65,-59,
235.5,-65,-59,
235.6,-65,-59,
235.7,-65,-59,
235.8,-65,-59,
235.9,-65,-59,
236,-65,-59,
236.1,-65,-67,
236.2,-64,-67,
236.3,-64,-67,
236.4,-64,-67,
236.5,-64,-67,
236.6,-64,-67,
236.7,-64,-67,
236.8,-64,-67,
236.9,-64,-67,
237,-64,-67,
237.1,-64,-67,
237.2,-64,-67,
237.3,-64,-67,
237.4,-64,-67,
237.5,-64,-67,
237.6,-64,-67,
237.7,-64,-67,
237.8,-64,-67,
237.9,-64,-67,
238,-64,-67,
238.1,-64,-67,
238.2,-62,-76,
238.3,-62,-76,
238.4,-62,-76,
238.5,-62,-76,
238.6,-62,-76,
238.7,-62,-76,
238.8,-62,-76,
238.9,-62,-76,
239,-62,-76,
239.1,-62,-76,
239.2,-62,-76,
239.3,-67,-73,
239.4,-67,-73,
239.5,-67,-73,
239.6,-67,-73,
239.7,-67,-73,
239.8,-67,-73,
239.9,-67,-73,
240,-67,-73,
240.1,-67,-73,
240.2,-67,-73,
240.3,-67,-66,
240.4,-64,-66,
240.5,-64,-66,
240.6,-64,-66,
240.7,-64,-66,
240.8,-64,-66,
240.9,-64,-66,
241,-64,-66,
241.1,-64,-66,
241.2,-64,-66,
241.3,-64,-66,
241.4,-64,-65,
241.5,-64,-65,
241.6,-64,-65,
241.7,-64,-65,
241.8,-64,-65,
241.9,-64,-65,
242,-64,-65,
242.1,-64,-65,
242.2,-64,-65,
242.3,-64,-65,
242.4,-64,-65,
242.5,-66,-65,
242.6,-66,-65,
242.7,-66,-65,
242.8,-66,-65,
242.9,-66,-65,
243,-66,-65,
243.1,-66,-65,
243.2,-66,-65,
243.3,-66,-65,
243.4,-66,-65,
243.5,-65,-63,
243.6,-65,-63,
243.7,-65,-63,
243.8,-65,-63,
243.9,-65,-63,
244,-65,-63,
244.1,-65,-63,
244.2,-65,-63,
244.3,-65,-63,
244.4,-65,-63,
244.5,-65,-63,
244.6,-65,-64,
244.7,-65,-64,
244.8,-65,-64,
244.9,-65,-64,
245,-65,-64,
245.1,-65,-64,
245.2,-65,-64,
245.3,-65,-64,
245.4,-65,-64,
245.5,-65,-64,
245.6,-64,-68,
245.7,-64,-68,
245.8,-64,-68,
245.9,-64,-68,
246,-64,-68,
246.1,-64,-68,
246.2,-64,-68,
246.3,-64,-68,
246.4,-64,-68,
246.5,-64,-68,
246.6,-64,-68,
246.7,-67,-66,
246.8,-67,-66,
246.9,-67,-66,
247,-67,-66,
247.1,-67,-66,
247.2,-67,-66,
247.3,-67,-66,
247.4,-67,-66,
247.5,-67,-66,
247.6,-67,-66,
247.7,-63,-69,
247.8,-63,-69,
247.9,-63,-69,
248,-63,-69,
248.1,-63,-69,
248.2,-63,-69,
248.3,-63,-69,
248.4,-63,-69,
248.5,-63,-69,
248.6,-63,-69,
248.7,-62,-72,
248.8,-62,-72,
248.9,-62,-72,
249,-62,-72,
249.1,-62,-72,
249.2,-62,-72,
249.3,-62,-72,
249.4,-62,-72,
249.5,-62,-72,
249.6,-62,-72,
249.7,-63,-73,
249.8,-63,-73,
249.9,-63,-73,
250,-63,-73,
250.1,-63,-73,
250.2,-63,-73,
250.3,-63,-73,
250.4,-63,-73,
250.5,-63,-73,
250.6,-63,-73,
250.7,-63,-73,
250.8,-64,-72,
250.9,-64,-72,
251,-64,-72,
251.1,-64,-72,
251.2,-64,-72,
251.3,-64,-72,
251.4,-64,-72,
251.5,-64,-72,
251.6,-64,-72,
251.7,-64,-72,
251.8,-64,-75,
251.9,-64,-75,
252,-64,-75,
252.1,-64,-75,
252.2,-64,-75,
252.3,-64,-75,
252.4,-64,-75,
252.5,-64,-75,
252.6,-64,-75,
252.7,-64,-75,
252.8,-64,-75,
252.9,-64,-69,
253,-64,-69,
253.1,-64,-69,
253.2,-64,-69,
253.3,-64,-69,
253.4,-64,-69,
253.5,-64,-69,
253.6,-64,-69,
253.7,-64,-69,
253.8,-64,-69,
253.9,-65,-66,
254,-65,-66,
254.1,-65,-66,
254.2,-65,-66,
254.3,-65,-66,
254.4,-65,-66,
254.5,-65,-66,
254.6,-65,-66,
254.7,-65,-66,
254.8,-65,-66,
254.9,-65,-66,
255,-65,-75,
255.1,-65,-75,
255.2,-65,-75,
255.3,-65,-75,
255.4,-65,-75,
255.5,-65,-75,
255.6,-65,-75,
255.7,-65,-75,
255.8,-65,-75,
255.9,-65,-75,
256,-64,-77,
256.1,-64,-77,
256.2,-64,-77,
256.3,-64,-77,
256.4,-64,-77,
256.5,-64,-77,
256.6,-64,-77,
256.7,-64,-77,
256.8,-64,-77,
256.9,-64,-77,
257,-64,-77,
257.1,-64,-75,
257.2,-64,-75,
257.3,-64,-75,
257.4,-64,-75,
257.5,-64,-75,
257.6,-64,-75,
257.7,-64,-75,
257.8,-64,-75,
257.9,-64,-75,
258,-64,-75,
258.1,-63,-77,
258.2,-63,-77,
258.3,-63,-77,
258.4,-63,-77,
258.5,-63,-77,
258.6,-63,-77,
258.7,-63,-77,
258.8,-63,-77,
258.9,-63,-77,
259,-63,-77,
259.1,-63,-77,
259.2,-64,-74,
259.3,-64,-74,
259.4,-64,-74,
259.5,-64,-74,
259.6,-64,-74,
259.7,-64,-74,
259.8,-64,-74,
259.9,-64,-74,
260,-64,-74,
260.1,-64,-74,
260.2,-65,-71,
260.3,-65,-71,
260.4,-65,-71,
260.5,-65,-71,
260.6,-65,-71,
260.7,-65,-71,
260.8,-65,-71,
260.9,-65,-71,
261,-65,-71,
261.1,-65,-71,
261.2,-65,-71,
261.3,-65,-69,
261.4,-65,-69,
261.5,-65,-69,
261.6,-65,-69,
261.7,-65,-69,
261.8,-65,-69,
261.9,-65,-69,
262,-65,-69,
262.1,-65,-69,
262.2,-65,-69,
262.3,-66,-68,
262.4,-66,-68,
262.5,-66,-68,
262.6,-66,-68,
262.7,-66,-68,
262.8,-66,-68,
262.9,-66,-68,
263,-66,-68,
263.1,-66,-68,
263.2,-66,-68,
263.3,-66,-68,
263.4,-64,-70,
263.5,-64,-70,
263.6,-64,-70,
263.7,-64,-70,
263.8,-64,-70,
263.9,-64,-70,
264,-64,-70,
264.1,-64,-70,
264.2,-64,-70,
264.3,-64,-70,
264.4,-62,-71,
264.5,-62,-71,
264.6,-62,-71,
264.7,-62,-71,
264.8,-62,-71,
264.9,-62,-71,
265,-62,-71,
265.1,-62,-71,
265.2,-62,-71,
265.3,-62,-71,
265.4,-62,-71,
265.5,-65,-74,
265.6,-65,-74,
265.7,-65,-74,
265.8,-65,-74,
265.9,-65,-74,
266,-65,-74,
266.1,-65,-74,
266.2,-65,-74,
266.3,-65,-74,
266.4,-65,-74,
266.5,-65,-70,
266.6,-65,-70,
266.7,-65,-70,
266.8,-65,-70,
266.9,-65,-70,
267,-65,-70,
267.1,-65,-70,
267.2,-65,-70,
267.3,-65,-70,
267.4,-65,-70,
267.5,-65,-70,
267.6,-63,-65,
267.7,-63,-65,
267.8,-63,-65,
267.9,-63,-65,
268,-63,-65,
268.1,-63,-65,
268.2,-63,-65,
268.3,-63,-65,
268.4,-63,-65,
268.5,-63,-65,
268.6,-62,-64,
268.7,-62,-64,
268.8,-62,-64,
268.9,-62,-64,
269,-62,-64,
269.1,-62,-64,
269.2,-62,-64,
269.3,-62,-64,
269.4,-62,-64,
269.5,-62,-64,
269.6,-62,-64,
269.7,-64,-63,
269.8,-64,-63,
269.9,-64,-63,
270,-64,-63,
270.1,-64,-63,
270.2,-64,-63,
270.3,-64,-63,
270.4,-64,-63,
270.5,-64,-63,
270.6,-64,-63,
270.7,-63,-69,
270.8,-63,-69,
270.9,-63,-69,
271,-63,-69,
271.1,-63,-69,
271.2,-63,-69,
271.3,-63,-69,
271.4,-63,-69,
271.5,-63,-69,
271.6,-63,-69,
271.7,-63,-72,
271.8,-62,-72,
271.9,-62,-72,
272,-62,-72,
272.1,-62,-72,
272.2,-62,-72,
272.3,-62,-72,
272.4,-62,-72,
272.5,-62,-72,
272.6,-62,-72,
272.7,-62,-77,
272.8,-67,-77,
272.9,-67,-77,
273,-67,-77,
273.1,-67,-77,
273.2,-67,-77,
273.3,-67,-77,
273.4,-67,-77,
273.5,-67,-77,
273.6,-67,-77,
273.7,-67,-77,
273.8,-67,-77,
273.9,-64,-77,
274,-64,-77,
274.1,-64,-77,
274.2,-64,-77,
274.3,-64,-77,
274.4,-64,-77,
274.5,-64,-77,
274.6,-64,-77,
274.7,-64,-77,
274.8,-64,-79,
274.9,-64,-79,
275,-64,-79,
275.1,-64,-79,
275.2,-64,-79,
275.3,-64,-79,
275.4,-64,-79,
275.5,-64,-79,
275.6,-64,-79,
275.7,-64,-79,
275.8,-64,-79,
275.9,-64,-80,
276,-65,-80,
276.1,-65,-80,
276.2,-65,-80,
276.3,-65,-80,
276.4,-65,-80,
276.5,-65,-80,
276.6,-65,-80,
276.7,-65,-80,
276.8,-65,-80,
276.9,-65,-80,
277,-62,-78,
277.1,-62,-78,
277.2,-62,-78,
277.3,-62,-78,
277.4,-62,-78,
277.5,-62,-78,
277.6,-62,-78,
277.7,-62,-78,
277.8,-62,-78,
277.9,-62,-78,
278,-62,-71,
278.1,-63,-71,
278.2,-63,-71,
278.3,-63,-71,
278.4,-63,-71,
278.5,-63,-71,
278.6,-63,-71,
278.7,-63,-71,
278.8,-63,-71,
278.9,-63,-71,
279,-63,-71,
279.1,-67,-63,
279.2,-67,-63,
279.3,-67,-63,
279.4,-67,-63,
279.5,-67,-63,
279.6,-67,-63,
279.7,-67,-63,
279.8,-67,-63,
279.9,-67,-63,
280,-67,-63,
280.1,-67,-63,
280.2,-69,-63,
280.3,-69,-63,
280.4,-69,-63,
280.5,-69,-63,